dataset,checkpoints,question,written_direction,value
nih,25,Effusion,Effusion,0.008518531547682699
nih,25,Effusion,Atelectasis,0.003027216612591023
nih,25,Effusion,Pneumothorax,-0.005825286523449614
nih,25,Effusion,Cardiomegaly,0.003672554739476154
nih,25,Effusion,Mass,0.005624874441292431
nih,25,Effusion,Nodule,0.013239151249729962
nih,25,Atelectasis,Effusion,0.005976777043022602
nih,25,Atelectasis,Atelectasis,0.005312615950522118
nih,25,Atelectasis,Pneumothorax,0.002174380147844452
nih,25,Atelectasis,Cardiomegaly,0.0019926858799797966
nih,25,Atelectasis,Mass,0.003127842759316548
nih,25,Atelectasis,Nodule,0.006679707105714069
nih,25,Pneumothorax,Effusion,0.001755717628433456
nih,25,Pneumothorax,Atelectasis,0.0009124566906864455
nih,25,Pneumothorax,Pneumothorax,0.0007181623116889041
nih,25,Pneumothorax,Cardiomegaly,0.0024415072489794303
nih,25,Pneumothorax,Mass,0.004316560147413527
nih,25,Pneumothorax,Nodule,0.0040290694369729
nih,25,Cardiomegaly,Effusion,0.014493224191180314
nih,25,Cardiomegaly,Atelectasis,0.009725278317618092
nih,25,Cardiomegaly,Pneumothorax,-0.01795366057303933
nih,25,Cardiomegaly,Cardiomegaly,0.04973433502922853
nih,25,Cardiomegaly,Mass,0.019907189914327158
nih,25,Cardiomegaly,Nodule,0.019279261025840676
nih,25,Mass,Effusion,0.0004813162907111811
nih,25,Mass,Atelectasis,-0.000392090105129773
nih,25,Mass,Pneumothorax,-0.007449985476539309
nih,25,Mass,Cardiomegaly,0.00998944204864093
nih,25,Mass,Mass,0.014608361679690575
nih,25,Mass,Nodule,0.012170359447698915
nih,25,Nodule,Effusion,-0.0035911124954498717
nih,25,Nodule,Atelectasis,0.0035519032286026805
nih,25,Nodule,Pneumothorax,-0.014386126748554488
nih,25,Nodule,Cardiomegaly,-0.004539781980131594
nih,25,Nodule,Mass,0.012198881206461336
nih,25,Nodule,Nodule,0.007682634187291737
chexpert,25,Effusion,Effusion,0.03614081508217846
chexpert,25,Effusion,Atelectasis,0.010969511525911795
chexpert,25,Effusion,Pneumothorax,0.006364346323906395
chexpert,25,Effusion,Cardiomegaly,0.0177042798297104
chexpert,25,Effusion,Consolidation,0.01676784467506891
chexpert,25,Effusion,Edema,0.01654501150936427
chexpert,25,Atelectasis,Effusion,0.002287232556543377
chexpert,25,Atelectasis,Atelectasis,0.0019365433662623332
chexpert,25,Atelectasis,Pneumothorax,0.004580910352933398
chexpert,25,Atelectasis,Cardiomegaly,0.006758994143376317
chexpert,25,Atelectasis,Consolidation,0.0060428393349740645
chexpert,25,Atelectasis,Edema,0.007672917125024536
chexpert,25,Pneumothorax,Effusion,0.0021063827366372342
chexpert,25,Pneumothorax,Atelectasis,0.0028264592514332656
chexpert,25,Pneumothorax,Pneumothorax,0.004040245203863008
chexpert,25,Pneumothorax,Cardiomegaly,0.001523013253778063
chexpert,25,Pneumothorax,Consolidation,0.003097447129318179
chexpert,25,Pneumothorax,Edema,-0.0006149511689104157
chexpert,25,Cardiomegaly,Effusion,0.014871018894535508
chexpert,25,Cardiomegaly,Atelectasis,0.011816770449006277
chexpert,25,Cardiomegaly,Pneumothorax,-0.012509560329032473
chexpert,25,Cardiomegaly,Cardiomegaly,0.028230235291346564
chexpert,25,Cardiomegaly,Consolidation,0.022082651484585526
chexpert,25,Cardiomegaly,Edema,0.029059832703978696
chexpert,25,Consolidation,Effusion,0.015857053886773588
chexpert,25,Consolidation,Atelectasis,0.009278038541066047
chexpert,25,Consolidation,Pneumothorax,0.0012859812613185441
chexpert,25,Consolidation,Cardiomegaly,-0.0029048538855811017
chexpert,25,Consolidation,Consolidation,0.024204969102976436
chexpert,25,Consolidation,Edema,0.009836241753242818
chexpert,25,Edema,Effusion,0.03203504571608598
chexpert,25,Edema,Atelectasis,0.02481880187746277
chexpert,25,Edema,Pneumothorax,0.0006318721778468167
chexpert,25,Edema,Cardiomegaly,0.014704973881265033
chexpert,25,Edema,Consolidation,0.025354106754926827
chexpert,25,Edema,Edema,0.030188023420403668
coco,25,person,person,0.3575971200772861
coco,25,person,dog,-0.004050401667996198
coco,25,person,car,-0.0005314877324718
coco,25,person,chair,0.0033663084491161064
coco,25,person,bottle,0.0005892355268586415
coco,25,person,bicycle,0.0018350705348120144
coco,25,dog,person,-0.0026541929223872886
coco,25,dog,dog,0.08915190702154535
coco,25,dog,car,0.003415700740361426
coco,25,dog,chair,-0.002268754492571741
coco,25,dog,bottle,0.000408430376215221
coco,25,dog,bicycle,0.003846582200719286
coco,25,car,person,-0.006590003423288766
coco,25,car,dog,0.0060682037028542074
coco,25,car,car,0.12741709997550327
coco,25,car,chair,-0.021168768555745027
coco,25,car,bottle,-0.009477913669492162
coco,25,car,bicycle,-0.006578691704017279
coco,25,chair,person,-0.009442366589179072
coco,25,chair,dog,-0.0022111285356421085
coco,25,chair,car,-0.0119362708813163
coco,25,chair,chair,0.44842883219184915
coco,25,chair,bottle,-0.0050227552543345814
coco,25,chair,bicycle,-0.011123744516649244
coco,25,bottle,person,-0.0031066881257236162
coco,25,bottle,dog,-0.005874491135564299
coco,25,bottle,car,-0.006621103560057852
coco,25,bottle,chair,-0.020357975817773356
coco,25,bottle,bottle,0.24361059403789048
coco,25,bottle,bicycle,0.0010840980151379635
coco,25,bicycle,person,-0.0016863457636526573
coco,25,bicycle,dog,-0.0020349497449200526
coco,25,bicycle,car,-0.003092661641346421
coco,25,bicycle,chair,-0.00038804023831266266
coco,25,bicycle,bottle,-0.0018383677986870527
coco,25,bicycle,bicycle,0.06872400618143504
