checkpoint_key,dataset,row_id,target,competitor,question,condition,p_yes
q25-7,nih,00005446_000,Effusion,Nodule,Effusion,clean,0.020054716697597806
q25-7,nih,00005446_000,Effusion,Nodule,Effusion,concept_write,0.5632939760340381
q25-7,nih,00005446_000,Effusion,Nodule,Effusion,competitor_write,0.7521430929245843
q25-7,nih,00005446_000,Effusion,Nodule,Atelectasis,clean,0.15253725375099386
q25-7,nih,00005446_000,Effusion,Nodule,Atelectasis,concept_write,0.607069590511778
q25-7,nih,00005446_000,Effusion,Nodule,Atelectasis,competitor_write,0.53653440729808
q25-7,nih,00005446_000,Effusion,Nodule,Pneumothorax,clean,0.0067340218724962425
q25-7,nih,00005446_000,Effusion,Nodule,Pneumothorax,concept_write,0.1310120161037098
q25-7,nih,00005446_000,Effusion,Nodule,Pneumothorax,competitor_write,0.048288538976053653
q25-7,nih,00005446_000,Effusion,Nodule,Cardiomegaly,clean,0.4162278765216787
q25-7,nih,00005446_000,Effusion,Nodule,Cardiomegaly,concept_write,0.5097748698384391
q25-7,nih,00005446_000,Effusion,Nodule,Cardiomegaly,competitor_write,0.6039628572408022
q25-7,nih,00005446_000,Effusion,Nodule,Mass,clean,0.020060715050797435
q25-7,nih,00005446_000,Effusion,Nodule,Mass,concept_write,0.816353196457029
q25-7,nih,00005446_000,Effusion,Nodule,Mass,competitor_write,0.5771946994094472
q25-7,nih,00005446_000,Effusion,Nodule,Nodule,clean,0.028491151245187047
q25-7,nih,00005446_000,Effusion,Nodule,Nodule,concept_write,0.6630973594644649
q25-7,nih,00005446_000,Effusion,Nodule,Nodule,competitor_write,0.5224743936487944
q25-7,coco,000000028449,dog,bottle,person,clean,0.0002496363426461905
q25-7,coco,000000028449,dog,bottle,person,concept_write,0.0003915092070495569
q25-7,coco,000000028449,dog,bottle,person,competitor_write,0.01872540779633145
q25-7,coco,000000028449,dog,bottle,dog,clean,5.250361068239135e-05
q25-7,coco,000000028449,dog,bottle,dog,concept_write,0.9990938038846848
q25-7,coco,000000028449,dog,bottle,dog,competitor_write,0.007079555061574563
q25-7,coco,000000028449,dog,bottle,car,clean,4.8462611296811725e-05
q25-7,coco,000000028449,dog,bottle,car,concept_write,0.00038523310709959234
q25-7,coco,000000028449,dog,bottle,car,competitor_write,0.0014422855182889547
q25-7,coco,000000028449,dog,bottle,chair,clean,4.171762510813305e-05
q25-7,coco,000000028449,dog,bottle,chair,concept_write,0.0003111920576334484
q25-7,coco,000000028449,dog,bottle,chair,competitor_write,0.0008100260309333895
q25-7,coco,000000028449,dog,bottle,bottle,clean,0.00012383967492016922
q25-7,coco,000000028449,dog,bottle,bottle,concept_write,0.002079706445268966
q25-7,coco,000000028449,dog,bottle,bottle,competitor_write,0.4415878743400808
q25-7,coco,000000028449,dog,bottle,bicycle,clean,2.1109744284084343e-05
q25-7,coco,000000028449,dog,bottle,bicycle,concept_write,9.28548702845571e-05
q25-7,coco,000000028449,dog,bottle,bicycle,competitor_write,0.0005077727928282829
