checkpoint_key,dataset,question,written_direction,value,owned_diagonal
q25-7,nih,Effusion,Effusion,0.19046199828430996,False
q25-7,nih,Effusion,Atelectasis,0.08296604361608566,False
q25-7,nih,Effusion,Pneumothorax,0.017821640637997356,False
q25-7,nih,Effusion,Cardiomegaly,0.009539273170069387,False
q25-7,nih,Effusion,Mass,0.0798960036174066,False
q25-7,nih,Effusion,Nodule,0.2615447718850204,False
q25-7,nih,Atelectasis,Effusion,0.2950004750064849,False
q25-7,nih,Atelectasis,Atelectasis,0.10114031118779121,False
q25-7,nih,Atelectasis,Pneumothorax,0.036937519785637016,False
q25-7,nih,Atelectasis,Cardiomegaly,0.02675308560159151,False
q25-7,nih,Atelectasis,Mass,0.138003527549894,False
q25-7,nih,Atelectasis,Nodule,0.32717150328815725,False
q25-7,nih,Pneumothorax,Effusion,0.19054803822438826,False
q25-7,nih,Pneumothorax,Atelectasis,0.11456520998510196,False
q25-7,nih,Pneumothorax,Pneumothorax,0.08873353039925579,False
q25-7,nih,Pneumothorax,Cardiomegaly,0.04182783472053471,False
q25-7,nih,Pneumothorax,Mass,0.06625896526660606,False
q25-7,nih,Pneumothorax,Nodule,0.028116300680945894,False
q25-7,nih,Cardiomegaly,Effusion,0.2610391682498288,False
q25-7,nih,Cardiomegaly,Atelectasis,0.3035740671981036,False
q25-7,nih,Cardiomegaly,Pneumothorax,-0.0650147005025771,False
q25-7,nih,Cardiomegaly,Cardiomegaly,0.08488047493582249,False
q25-7,nih,Cardiomegaly,Mass,0.13579155173138915,False
q25-7,nih,Cardiomegaly,Nodule,0.28887543894842754,False
q25-7,nih,Mass,Effusion,0.5282875343711376,False
q25-7,nih,Mass,Atelectasis,0.16522375291427738,False
q25-7,nih,Mass,Pneumothorax,-0.005218356778237423,False
q25-7,nih,Mass,Cardiomegaly,0.14125226752585207,False
q25-7,nih,Mass,Mass,0.3592391835525854,False
q25-7,nih,Mass,Nodule,0.27042831823642405,False
q25-7,nih,Nodule,Effusion,0.1894831864554117,False
q25-7,nih,Nodule,Atelectasis,0.02232895355990931,False
q25-7,nih,Nodule,Pneumothorax,-0.03313739442993071,False
q25-7,nih,Nodule,Cardiomegaly,0.0016586708274295813,False
q25-7,nih,Nodule,Mass,0.1636277696022212,False
q25-7,nih,Nodule,Nodule,0.11750852291388802,False
q25-72,nih,Effusion,Effusion,-0.010949983755393662,False
q25-72,nih,Effusion,Atelectasis,0.3109182503288873,False
q25-72,nih,Effusion,Pneumothorax,-0.06411025094745322,False
q25-72,nih,Effusion,Cardiomegaly,0.16094937133363932,False
q25-72,nih,Effusion,Mass,0.04660659264407284,False
q25-72,nih,Effusion,Nodule,0.055946424002279255,False
q25-72,nih,Atelectasis,Effusion,-0.010362350525328662,False
q25-72,nih,Atelectasis,Atelectasis,0.5306773202673153,True
q25-72,nih,Atelectasis,Pneumothorax,-0.04569060838561854,False
q25-72,nih,Atelectasis,Cardiomegaly,-0.005926804519262936,False
q25-72,nih,Atelectasis,Mass,-0.032484468927415376,False
q25-72,nih,Atelectasis,Nodule,-0.045718057278571735,False
q25-72,nih,Pneumothorax,Effusion,0.08450066653779262,False
q25-72,nih,Pneumothorax,Atelectasis,0.483842005517151,False
q25-72,nih,Pneumothorax,Pneumothorax,-0.014645739241025192,False
q25-72,nih,Pneumothorax,Cardiomegaly,0.26650417922710656,False
q25-72,nih,Pneumothorax,Mass,0.11261813474269511,False
q25-72,nih,Pneumothorax,Nodule,0.026052929433785836,False
q25-72,nih,Cardiomegaly,Effusion,0.016196926581641697,False
q25-72,nih,Cardiomegaly,Atelectasis,0.20599940663916413,False
q25-72,nih,Cardiomegaly,Pneumothorax,-0.10260660561978314,False
q25-72,nih,Cardiomegaly,Cardiomegaly,0.46188862682015097,True
q25-72,nih,Cardiomegaly,Mass,-0.11825518980789776,False
q25-72,nih,Cardiomegaly,Nodule,0.03430179430269036,False
q25-72,nih,Mass,Effusion,0.26039840580934387,False
q25-72,nih,Mass,Atelectasis,0.2619623331400846,False
q25-72,nih,Mass,Pneumothorax,0.020429307172465373,False
q25-72,nih,Mass,Cardiomegaly,0.10068958584248199,False
q25-72,nih,Mass,Mass,0.32808260290735203,True
q25-72,nih,Mass,Nodule,-0.01666308443533081,False
q25-72,nih,Nodule,Effusion,0.01479792247572754,False
q25-72,nih,Nodule,Atelectasis,0.02892786042077678,False
q25-72,nih,Nodule,Pneumothorax,-0.05015845060157731,False
q25-72,nih,Nodule,Cardiomegaly,-0.03168912014145597,False
q25-72,nih,Nodule,Mass,0.21405203276883134,False
q25-72,nih,Nodule,Nodule,-0.01560720402400369,False
lingshu-32,nih,Effusion,Effusion,0.05993318957180226,False
lingshu-32,nih,Effusion,Atelectasis,0.03672341526009217,False
lingshu-32,nih,Effusion,Pneumothorax,0.06183770038753318,False
lingshu-32,nih,Effusion,Cardiomegaly,0.0011711988190532736,False
lingshu-32,nih,Effusion,Mass,0.06662800807416107,False
lingshu-32,nih,Effusion,Nodule,0.0005725985080367048,False
lingshu-32,nih,Atelectasis,Effusion,0.018758410656705544,False
lingshu-32,nih,Atelectasis,Atelectasis,0.021339272314959263,False
lingshu-32,nih,Atelectasis,Pneumothorax,0.10134417439078028,False
lingshu-32,nih,Atelectasis,Cardiomegaly,-0.023176287025076372,False
lingshu-32,nih,Atelectasis,Mass,0.070919146726458,False
lingshu-32,nih,Atelectasis,Nodule,-0.0013008094329547408,False
lingshu-32,nih,Pneumothorax,Effusion,-0.014397441225551874,False
lingshu-32,nih,Pneumothorax,Atelectasis,-0.011492937732248316,False
lingshu-32,nih,Pneumothorax,Pneumothorax,0.20203618201475948,True
lingshu-32,nih,Pneumothorax,Cardiomegaly,-0.073408620714154,False
lingshu-32,nih,Pneumothorax,Mass,0.057589275922630634,False
lingshu-32,nih,Pneumothorax,Nodule,-0.052741611051106634,False
lingshu-32,nih,Cardiomegaly,Effusion,0.013103641260541216,False
lingshu-32,nih,Cardiomegaly,Atelectasis,0.020837861118453756,False
lingshu-32,nih,Cardiomegaly,Pneumothorax,0.04438473624727313,False
lingshu-32,nih,Cardiomegaly,Cardiomegaly,0.10496337455936991,True
lingshu-32,nih,Cardiomegaly,Mass,0.05373443763290528,False
lingshu-32,nih,Cardiomegaly,Nodule,-0.02617957389685092,False
lingshu-32,nih,Mass,Effusion,-0.029455946841055555,False
lingshu-32,nih,Mass,Atelectasis,-0.05245183965976911,False
lingshu-32,nih,Mass,Pneumothorax,0.14191323963224117,False
lingshu-32,nih,Mass,Cardiomegaly,-0.08850738270274527,False
lingshu-32,nih,Mass,Mass,0.06454431418077966,False
lingshu-32,nih,Mass,Nodule,-0.07382250903751222,False
lingshu-32,nih,Nodule,Effusion,-0.029449170036803012,False
lingshu-32,nih,Nodule,Atelectasis,-0.06008300327543157,False
lingshu-32,nih,Nodule,Pneumothorax,0.09182350305136668,False
lingshu-32,nih,Nodule,Cardiomegaly,-0.09569786439954159,False
lingshu-32,nih,Nodule,Mass,0.035718107945107366,False
lingshu-32,nih,Nodule,Nodule,-0.08641062594557321,False
q25-7,coco,person,person,0.49629528963769637,True
q25-7,coco,person,dog,-0.18950649517187665,False
q25-7,coco,person,car,0.014457965038677289,False
q25-7,coco,person,chair,-0.011537150250905641,False
q25-7,coco,person,bottle,-0.030123300364770872,False
q25-7,coco,person,bicycle,0.001032390894694095,False
q25-7,coco,dog,person,-0.020085586993389033,False
q25-7,coco,dog,dog,0.7573233951776819,True
q25-7,coco,dog,car,0.0060115261603539034,False
q25-7,coco,dog,chair,-0.010011266980666303,False
q25-7,coco,dog,bottle,0.003353252896037382,False
q25-7,coco,dog,bicycle,0.003846582200719286,False
q25-7,coco,car,person,-0.06517254359101128,False
q25-7,coco,car,dog,0.016806026954931542,False
q25-7,coco,car,car,0.62828082526043,True
q25-7,coco,car,chair,-0.06554611031835521,False
q25-7,coco,car,bottle,-0.027478663317148887,False
q25-7,coco,car,bicycle,-0.03707938067594469,False
q25-7,coco,chair,person,-0.06782961946770014,False
q25-7,coco,chair,dog,0.001733897277267549,False
q25-7,coco,chair,car,-0.056588401716447086,False
q25-7,coco,chair,chair,0.8734198778324761,True
q25-7,coco,chair,bottle,-0.030043097977399142,False
q25-7,coco,chair,bicycle,-0.039545100521438115,False
q25-7,coco,bottle,person,-0.03796744831672265,False
q25-7,coco,bottle,dog,-0.01674707588749563,False
q25-7,coco,bottle,car,-0.07188526433326094,False
q25-7,coco,bottle,chair,-0.05610399830415453,False
q25-7,coco,bottle,bottle,0.5610554350480574,True
q25-7,coco,bottle,bicycle,0.04922443820671941,False
q25-7,coco,bicycle,person,-0.0021759448147397175,False
q25-7,coco,bicycle,dog,-0.0037010675223115683,False
q25-7,coco,bicycle,car,-0.012255784666967964,False
q25-7,coco,bicycle,chair,-0.011956881586093164,False
q25-7,coco,bicycle,bottle,-0.0035603233406445445,False
q25-7,coco,bicycle,bicycle,0.8118759098152686,True
q3-32,coco,person,person,0.13206399927466622,True
q3-32,coco,person,dog,-0.007889011801640007,False
q3-32,coco,person,car,-0.008082377625562555,False
q3-32,coco,person,chair,-0.009591288583841126,False
q3-32,coco,person,bottle,-0.01009877281401215,False
q3-32,coco,person,bicycle,0.0024370745543494713,False
q3-32,coco,dog,person,-0.0011958619707900585,False
q3-32,coco,dog,dog,0.12138053196535026,True
q3-32,coco,dog,car,0.003415700740361426,False
q3-32,coco,dog,chair,-0.0019026823375820844,False
q3-32,coco,dog,bottle,-0.0005725818751367388,False
q3-32,coco,dog,bicycle,0.0039625604425453,False
q3-32,coco,car,person,0.00421446270110577,False
q3-32,coco,car,dog,0.014085477142766208,False
q3-32,coco,car,car,0.12741709997550327,True
q3-32,coco,car,chair,-0.0046095626525362865,False
q3-32,coco,car,bottle,-0.005232717841985339,False
q3-32,coco,car,bicycle,0.0010070937886409337,False
q3-32,coco,chair,person,-0.009442366589179072,False
q3-32,coco,chair,dog,-0.010451658408910163,False
q3-32,coco,chair,car,-0.015383096425519781,False
q3-32,coco,chair,chair,0.2252064859080982,True
q3-32,coco,chair,bottle,-0.023268806028148712,False
q3-32,coco,chair,bicycle,-0.015136158348932633,False
q3-32,coco,bottle,person,-0.002666215491434536,False
q3-32,coco,bottle,dog,-0.013608657546138936,False
q3-32,coco,bottle,car,0.005733028445735665,False
q3-32,coco,bottle,chair,-0.018527699449737263,False
q3-32,coco,bottle,bottle,0.24361059403789048,True
q3-32,coco,bottle,bicycle,0.0014925167686635813,False
q3-32,coco,bicycle,person,-0.0023316165548302767,False
q3-32,coco,bicycle,dog,-0.0020349497449200526,False
q3-32,coco,bicycle,car,-0.003092661641346421,False
q3-32,coco,bicycle,chair,-0.00038804023831266266,False
q3-32,coco,bicycle,bottle,-0.0002552824770064256,False
q3-32,coco,bicycle,bicycle,0.06872400618143504,True
lingshu-32,coco,person,person,0.3575971200772861,True
lingshu-32,coco,person,dog,0.002999937561665022,False
lingshu-32,coco,person,car,0.03263640000953011,False
lingshu-32,coco,person,chair,0.010634746958449827,False
lingshu-32,coco,person,bottle,-0.025478453188144734,False
lingshu-32,coco,person,bicycle,0.06964048340699194,False
lingshu-32,coco,dog,person,-0.011401844959201763,False
lingshu-32,coco,dog,dog,0.25686408839098773,True
lingshu-32,coco,dog,car,0.0287925511956173,False
lingshu-32,coco,dog,chair,-0.003626104633680106,False
lingshu-32,coco,dog,bottle,-0.00515566003583763,False
lingshu-32,coco,dog,bicycle,0.020651621701184012,False
lingshu-32,coco,car,person,-0.007763063009810051,False
lingshu-32,coco,car,dog,0.017225493903879487,False
lingshu-32,coco,car,car,0.09913222877807769,True
lingshu-32,coco,car,chair,0.01773276849162031,False
lingshu-32,coco,car,bottle,-0.003991097257911932,False
lingshu-32,coco,car,bicycle,0.0025978253044969916,False
lingshu-32,coco,chair,person,-0.042862808558932215,False
lingshu-32,coco,chair,dog,-0.027454503078435295,False
lingshu-32,coco,chair,car,-0.0119362708813163,False
lingshu-32,coco,chair,chair,0.5479711838330256,True
lingshu-32,coco,chair,bottle,-0.0431488851431663,False
lingshu-32,coco,chair,bicycle,0.014746019351743345,False
lingshu-32,coco,bottle,person,0.05973223958165318,False
lingshu-32,coco,bottle,dog,0.010421638650826348,False
lingshu-32,coco,bottle,car,0.05355616627581597,False
lingshu-32,coco,bottle,chair,-0.05349525789621254,False
lingshu-32,coco,bottle,bottle,0.40152295277607747,True
lingshu-32,coco,bottle,bicycle,0.00011351939792517104,False
lingshu-32,coco,bicycle,person,0.008301778983881307,False
lingshu-32,coco,bicycle,dog,-0.0023185544277842104,False
lingshu-32,coco,bicycle,car,0.013207486092595472,False
lingshu-32,coco,bicycle,chair,0.0004497354048312237,False
lingshu-32,coco,bicycle,bottle,-0.0018383677986870527,False
lingshu-32,coco,bicycle,bicycle,0.23261848737170623,True
