checkpoint_key,dataset,concept,ownership,owned,size_b
q25-3,nih,Effusion,-0.09385176317405014,False,3
q25-3,nih,Atelectasis,-0.03780579872709988,False,3
q25-3,nih,Pneumothorax,-0.17636580297778842,False,3
q25-3,nih,Cardiomegaly,-0.10925787048352724,False,3
q25-3,nih,Mass,-0.040017161553955516,False,3
q25-3,nih,Nodule,-0.035218154678052976,False,3
q25-7,nih,Effusion,-0.07108277360071044,False,7
q25-7,nih,Atelectasis,-0.22603119210036604,False,7
q25-7,nih,Pneumothorax,-0.10181450782513247,False,7
q25-7,nih,Cardiomegaly,-0.2186935922622811,False,7
q25-7,nih,Mass,-0.16904835081855224,False,7
q25-7,nih,Nodule,-0.07197466354152368,False,7
q25-32,nih,Effusion,-0.21770716669880133,False,32
q25-32,nih,Atelectasis,-0.0593744248820191,False,32
q25-32,nih,Pneumothorax,-0.056115100569156175,False,32
q25-32,nih,Cardiomegaly,0.10578234621945332,True,32
q25-32,nih,Mass,-0.07712940908846888,False,32
q25-32,nih,Nodule,-0.05117834839536962,False,32
q25-72,nih,Effusion,-0.321868234084281,False,72
q25-72,nih,Atelectasis,0.5366041247865783,True,72
q25-72,nih,Pneumothorax,-0.4984877447581762,False,72
q25-72,nih,Cardiomegaly,0.2558892201809868,True,72
q25-72,nih,Mass,0.06612026976726743,True,72
q25-72,nih,Nodule,-0.22965923679283504,False,72
q3-4,nih,Effusion,-0.026116981931361694,False,4
q3-4,nih,Atelectasis,-0.0713614809934198,False,4
q3-4,nih,Pneumothorax,-0.286740949961975,False,4
q3-4,nih,Cardiomegaly,-0.08410749172935061,False,4
q3-4,nih,Mass,-0.13475774090654077,False,4
q3-4,nih,Nodule,-0.08553779993261812,False,4
q3-8,nih,Effusion,0.07289533206187196,False,8
q3-8,nih,Atelectasis,-0.012484862697017596,False,8
q3-8,nih,Pneumothorax,-0.0666065112963248,False,8
q3-8,nih,Cardiomegaly,0.0002631252792931471,False,8
q3-8,nih,Mass,-0.10702607841341626,False,8
q3-8,nih,Nodule,0.034790788601840775,False,8
q3-32,nih,Effusion,-0.13970853680586406,False,32
q3-32,nih,Atelectasis,-0.03903401269026012,False,32
q3-32,nih,Pneumothorax,0.003269124885175577,False,32
q3-32,nih,Cardiomegaly,-0.03883548295913691,False,32
q3-32,nih,Mass,-0.10566116059402475,False,32
q3-32,nih,Nodule,0.17087651463803546,True,32
lingshu-7,chexpert,Effusion,0.09688193357271066,True,7
lingshu-7,chexpert,Atelectasis,-0.08836358773235459,False,7
lingshu-7,chexpert,Pneumothorax,0.09170520691583739,True,7
lingshu-7,chexpert,Cardiomegaly,0.009380086600536963,False,7
lingshu-7,chexpert,Consolidation,-0.05387918286630508,False,7
lingshu-7,chexpert,Edema,0.21142400595594246,True,7
lingshu-32,chexpert,Effusion,0.027253011245166853,True,32
lingshu-32,chexpert,Atelectasis,-0.03617225933440665,False,32
lingshu-32,chexpert,Pneumothorax,0.023593361926876832,True,32
lingshu-32,chexpert,Cardiomegaly,0.10999269255732938,True,32
lingshu-32,chexpert,Consolidation,0.027603968930227957,True,32
lingshu-32,chexpert,Edema,0.11475413366730251,True,32
