checkpoint_key,dataset,read,ownership
chexagent-3,nih,0.13002518380950792,0.003445328098241765
chexagent-8,nih,0.15546963714247855,-0.0022305499444337184
gemma3-12,nih,0.0716880181706242,-0.3746858810328484
gemma3-27,nih,0.07256755708111558,-0.029309006982955476
gemma3-4,nih,0.0716880181706242,-0.10934989460153778
huatuo-7,nih,0.08373858530353706,-0.032471341517708134
iv35-14,nih,0.07363538677054005,-0.0017089138742311617
iv35-38,nih,0.09947684002832191,-0.004955218379833482
iv35-8,nih,0.06140857900144212,-0.005232288873129654
lingshu-32,nih,0.07551028133110778,-0.02443782200133129
lingshu-7,nih,0.08070498482106674,0.023727200263725
llama32-11,nih,0.07585629618098967,-0.03496713705165604
llava15-13,nih,0.08094726093450862,-0.022151359998310083
llava15-7,nih,0.08094726093450862,-0.04173034383677959
llavamed-7,nih,0.0831766763151724,-0.013635275975631278
llavarad-7,nih,0.14722889541184322,-0.011887632868356974
medgemma-27,nih,0.12256277537884995,-0.1425783796128285
medgemma-4,nih,0.12274727335331996,-0.13222810874563298
q25-3,nih,0.07443967699408398,-0.08208609193241236
q25-32,nih,0.09495579884329595,-0.05928701723572696
q25-7,nih,0.08352524706426907,-0.14310751335809435
q25-72,nih,0.07443023357349,-0.03190026681674329
q3-32,nih,0.09789045046622158,-0.024848925587679125
q3-4,nih,0.07716542384432372,-0.11477040757587768
q3-8,nih,0.09649449041828273,-0.013028034410625463
chexagent-3,chexpert,0.20825109241374204,0.005804100928003122
chexagent-8,chexpert,0.22742770709466928,-0.01920961082033418
gemma3-12,chexpert,0.17602146945590325,-0.3755027288488784
gemma3-27,chexpert,0.1764381692989931,-0.010045675632581713
gemma3-4,chexpert,0.17602146945590325,-0.26687146985302607
huatuo-7,chexpert,0.18852170033178403,-0.013153551905241147
iv35-14,chexpert,0.15784155357112398,0.0009317438743380937
iv35-38,chexpert,0.1710228301736769,-0.0014786079255163422
iv35-8,chexpert,0.18519189849758363,-0.0015133740721956761
lingshu-32,chexpert,0.20454981124779278,0.04450415149874948
lingshu-7,chexpert,0.20877531500654797,0.0445247437410613
llama32-11,chexpert,0.16284086599505251,-0.04332733879908585
llava15-13,chexpert,0.16680949023373082,-0.006743582441472514
llava15-7,chexpert,0.16680949023373082,-0.031675892757541936
llavamed-7,chexpert,0.18852170033178403,-0.011336805214950679
llavarad-7,chexpert,0.2699564735192695,-0.016609735145845177
medgemma-27,chexpert,0.20553628149267475,-0.05615587630469582
medgemma-4,chexpert,0.20539068166317406,-0.15717959260494363
q25-3,chexpert,0.17088114209662994,-0.06684301410289996
q25-32,chexpert,0.1618710960827054,-0.1063911465969863
q25-7,chexpert,0.19676638960148396,-0.07836367540149931
q25-72,chexpert,0.1954649220849306,-0.08739507910071141
q3-32,chexpert,0.17113233464392552,-0.023115237997531044
q3-4,chexpert,0.2040430834771634,-0.01395417374808596
q3-8,chexpert,0.17417185878259636,-0.044074795149924344
chexagent-3,coco,0.13042610984480632,0.03342342298696766
chexagent-8,coco,0.05269353186673248,-0.0321376037821663
gemma3-12,coco,0.07200706097410813,0.4435627103361202
gemma3-27,coco,0.0715937775509715,0.3120387328036949
gemma3-4,coco,0.07200706097410813,0.24220385121435117
huatuo-7,coco,0.07490007804983172,0.013916460525760566
iv35-14,coco,0.12132663986973959,0.01901792782128606
iv35-38,coco,0.07583018299745803,0.009096767232301274
iv35-8,coco,0.11844354363167627,0.030293305211415888
lingshu-32,coco,0.02725611716074583,0.2819757521844899
lingshu-7,coco,0.01884650010559284,0.6804546468069238
llama32-11,coco,0.12498137046967837,-0.01359919310891769
llava15-13,coco,0.28411735886089884,0.02473485124905887
llava15-7,coco,0.28411735886089884,0.02572387342177486
llavamed-7,coco,0.07490007804983172,0.00023534871959246932
llavarad-7,coco,0.12414777241229519,-0.029219775858090154
medgemma-27,coco,0.06275029417381074,0.11904081952413803
medgemma-4,coco,0.06308978918038492,0.2255399352827234
q25-3,coco,0.04512665744537945,0.5151773662924202
q25-32,coco,0.02462209913228482,0.3787803833760364
q25-7,coco,0.01944000216681126,0.6736988039914
q25-72,coco,0.010133911019742425,0.6595536329372863
q3-32,coco,0.05230901437333676,0.15031370430395538
q3-4,coco,0.04099048220614382,0.3408630881695279
q3-8,coco,0.03766764835314331,0.5801941042911865
