checkpoint_key,dataset,concept,rank
chexagent-3,nih,Effusion,1
chexagent-3,nih,Atelectasis,1
chexagent-3,nih,Pneumothorax,5
chexagent-3,nih,Cardiomegaly,43
chexagent-3,nih,Mass,3
chexagent-3,nih,Nodule,13
chexagent-8,nih,Effusion,14
chexagent-8,nih,Atelectasis,50
chexagent-8,nih,Pneumothorax,56
chexagent-8,nih,Cardiomegaly,31
chexagent-8,nih,Mass,10
chexagent-8,nih,Nodule,25
gemma3-12,nih,Effusion,116
gemma3-12,nih,Atelectasis,97
gemma3-12,nih,Pneumothorax,60
gemma3-12,nih,Cardiomegaly,39
gemma3-12,nih,Mass,101
gemma3-12,nih,Nodule,6
gemma3-27,nih,Effusion,58
gemma3-27,nih,Atelectasis,115
gemma3-27,nih,Pneumothorax,55
gemma3-27,nih,Cardiomegaly,2
gemma3-27,nih,Mass,59
gemma3-27,nih,Nodule,70
gemma3-4,nih,Effusion,71
gemma3-4,nih,Atelectasis,51
gemma3-4,nih,Pneumothorax,85
gemma3-4,nih,Cardiomegaly,88
gemma3-4,nih,Mass,79
gemma3-4,nih,Nodule,74
huatuo-7,nih,Effusion,44
huatuo-7,nih,Atelectasis,34
huatuo-7,nih,Pneumothorax,94
huatuo-7,nih,Cardiomegaly,109
huatuo-7,nih,Mass,40
huatuo-7,nih,Nodule,5
iv35-14,nih,Effusion,3
iv35-14,nih,Atelectasis,55
iv35-14,nih,Pneumothorax,56
iv35-14,nih,Cardiomegaly,24
iv35-14,nih,Mass,20
iv35-14,nih,Nodule,63
iv35-38,nih,Effusion,3
iv35-38,nih,Atelectasis,39
iv35-38,nih,Pneumothorax,62
iv35-38,nih,Cardiomegaly,60
iv35-38,nih,Mass,13
iv35-38,nih,Nodule,32
iv35-8,nih,Effusion,27
iv35-8,nih,Atelectasis,85
iv35-8,nih,Pneumothorax,36
iv35-8,nih,Cardiomegaly,17
iv35-8,nih,Mass,26
iv35-8,nih,Nodule,35
lingshu-32,nih,Effusion,8
lingshu-32,nih,Atelectasis,57
lingshu-32,nih,Pneumothorax,1
lingshu-32,nih,Cardiomegaly,3
lingshu-32,nih,Mass,11
lingshu-32,nih,Nodule,111
lingshu-7,nih,Effusion,10
lingshu-7,nih,Atelectasis,13
lingshu-7,nih,Pneumothorax,15
lingshu-7,nih,Cardiomegaly,1
lingshu-7,nih,Mass,46
lingshu-7,nih,Nodule,10
llama32-11,nih,Effusion,53
llama32-11,nih,Atelectasis,84
llama32-11,nih,Pneumothorax,80
llama32-11,nih,Cardiomegaly,18
llama32-11,nih,Mass,89
llama32-11,nih,Nodule,68
llava15-13,nih,Effusion,75
llava15-13,nih,Atelectasis,117
llava15-13,nih,Pneumothorax,97
llava15-13,nih,Cardiomegaly,90
llava15-13,nih,Mass,33
llava15-13,nih,Nodule,74
llava15-7,nih,Effusion,41
llava15-7,nih,Atelectasis,37
llava15-7,nih,Pneumothorax,92
llava15-7,nih,Cardiomegaly,93
llava15-7,nih,Mass,12
llava15-7,nih,Nodule,56
llavamed-7,nih,Effusion,23
llavamed-7,nih,Atelectasis,32
llavamed-7,nih,Pneumothorax,106
llavamed-7,nih,Cardiomegaly,22
llavamed-7,nih,Mass,18
llavamed-7,nih,Nodule,91
llavarad-7,nih,Effusion,73
llavarad-7,nih,Atelectasis,11
llavarad-7,nih,Pneumothorax,13
llavarad-7,nih,Cardiomegaly,29
llavarad-7,nih,Mass,54
llavarad-7,nih,Nodule,120
medgemma-27,nih,Effusion,24
medgemma-27,nih,Atelectasis,84
medgemma-27,nih,Pneumothorax,16
medgemma-27,nih,Cardiomegaly,8
medgemma-27,nih,Mass,106
medgemma-27,nih,Nodule,105
medgemma-4,nih,Effusion,17
medgemma-4,nih,Atelectasis,93
medgemma-4,nih,Pneumothorax,39
medgemma-4,nih,Cardiomegaly,15
medgemma-4,nih,Mass,113
medgemma-4,nih,Nodule,54
q25-3,nih,Effusion,50
q25-3,nih,Atelectasis,24
q25-3,nih,Pneumothorax,115
q25-3,nih,Cardiomegaly,40
q25-3,nih,Mass,17
q25-3,nih,Nodule,14
q25-32,nih,Effusion,106
q25-32,nih,Atelectasis,10
q25-32,nih,Pneumothorax,20
q25-32,nih,Cardiomegaly,3
q25-32,nih,Mass,13
q25-32,nih,Nodule,39
q25-7,nih,Effusion,2
q25-7,nih,Atelectasis,55
q25-7,nih,Pneumothorax,52
q25-7,nih,Cardiomegaly,33
q25-7,nih,Mass,10
q25-7,nih,Nodule,15
q25-72,nih,Effusion,74
q25-72,nih,Atelectasis,1
q25-72,nih,Pneumothorax,119
q25-72,nih,Cardiomegaly,6
q25-72,nih,Mass,6
q25-72,nih,Nodule,43
q3-32,nih,Effusion,80
q3-32,nih,Atelectasis,69
q3-32,nih,Pneumothorax,4
q3-32,nih,Cardiomegaly,26
q3-32,nih,Mass,9
q3-32,nih,Nodule,2
q3-4,nih,Effusion,3
q3-4,nih,Atelectasis,32
q3-4,nih,Pneumothorax,23
q3-4,nih,Cardiomegaly,28
q3-4,nih,Mass,93
q3-4,nih,Nodule,81
q3-8,nih,Effusion,12
q3-8,nih,Atelectasis,79
q3-8,nih,Pneumothorax,22
q3-8,nih,Cardiomegaly,11
q3-8,nih,Mass,51
q3-8,nih,Nodule,24
chexagent-3,chexpert,Effusion,1
chexagent-3,chexpert,Atelectasis,46
chexagent-3,chexpert,Pneumothorax,1
chexagent-3,chexpert,Cardiomegaly,1
chexagent-3,chexpert,Consolidation,1
chexagent-3,chexpert,Edema,1
chexagent-8,chexpert,Effusion,14
chexagent-8,chexpert,Atelectasis,23
chexagent-8,chexpert,Pneumothorax,11
chexagent-8,chexpert,Cardiomegaly,47
chexagent-8,chexpert,Consolidation,3
chexagent-8,chexpert,Edema,16
gemma3-12,chexpert,Effusion,100
gemma3-12,chexpert,Atelectasis,14
gemma3-12,chexpert,Pneumothorax,73
gemma3-12,chexpert,Cardiomegaly,103
gemma3-12,chexpert,Consolidation,55
gemma3-12,chexpert,Edema,1
gemma3-27,chexpert,Effusion,55
gemma3-27,chexpert,Atelectasis,17
gemma3-27,chexpert,Pneumothorax,44
gemma3-27,chexpert,Cardiomegaly,29
gemma3-27,chexpert,Consolidation,66
gemma3-27,chexpert,Edema,2
gemma3-4,chexpert,Effusion,37
gemma3-4,chexpert,Atelectasis,26
gemma3-4,chexpert,Pneumothorax,113
gemma3-4,chexpert,Cardiomegaly,35
gemma3-4,chexpert,Consolidation,63
gemma3-4,chexpert,Edema,96
huatuo-7,chexpert,Effusion,63
huatuo-7,chexpert,Atelectasis,65
huatuo-7,chexpert,Pneumothorax,64
huatuo-7,chexpert,Cardiomegaly,14
huatuo-7,chexpert,Consolidation,71
huatuo-7,chexpert,Edema,12
iv35-14,chexpert,Effusion,2
iv35-14,chexpert,Atelectasis,20
iv35-14,chexpert,Pneumothorax,49
iv35-14,chexpert,Cardiomegaly,39
iv35-14,chexpert,Consolidation,12
iv35-14,chexpert,Edema,26
iv35-38,chexpert,Effusion,3
iv35-38,chexpert,Atelectasis,64
iv35-38,chexpert,Pneumothorax,58
iv35-38,chexpert,Cardiomegaly,6
iv35-38,chexpert,Consolidation,5
iv35-38,chexpert,Edema,27
iv35-8,chexpert,Effusion,39
iv35-8,chexpert,Atelectasis,98
iv35-8,chexpert,Pneumothorax,5
iv35-8,chexpert,Cardiomegaly,12
iv35-8,chexpert,Consolidation,9
iv35-8,chexpert,Edema,8
lingshu-32,chexpert,Effusion,1
lingshu-32,chexpert,Atelectasis,4
lingshu-32,chexpert,Pneumothorax,4
lingshu-32,chexpert,Cardiomegaly,1
lingshu-32,chexpert,Consolidation,2
lingshu-32,chexpert,Edema,1
lingshu-7,chexpert,Effusion,1
lingshu-7,chexpert,Atelectasis,32
lingshu-7,chexpert,Pneumothorax,1
lingshu-7,chexpert,Cardiomegaly,2
lingshu-7,chexpert,Consolidation,10
lingshu-7,chexpert,Edema,1
llama32-11,chexpert,Effusion,66
llama32-11,chexpert,Atelectasis,77
llama32-11,chexpert,Pneumothorax,107
llama32-11,chexpert,Cardiomegaly,101
llama32-11,chexpert,Consolidation,92
llama32-11,chexpert,Edema,71
llava15-13,chexpert,Effusion,48
llava15-13,chexpert,Atelectasis,108
llava15-13,chexpert,Pneumothorax,61
llava15-13,chexpert,Cardiomegaly,34
llava15-13,chexpert,Consolidation,12
llava15-13,chexpert,Edema,31
llava15-7,chexpert,Effusion,20
llava15-7,chexpert,Atelectasis,89
llava15-7,chexpert,Pneumothorax,97
llava15-7,chexpert,Cardiomegaly,17
llava15-7,chexpert,Consolidation,55
llava15-7,chexpert,Edema,34
llavamed-7,chexpert,Effusion,4
llavamed-7,chexpert,Atelectasis,9
llavamed-7,chexpert,Pneumothorax,51
llavamed-7,chexpert,Cardiomegaly,27
llavamed-7,chexpert,Consolidation,7
llavamed-7,chexpert,Edema,29
llavarad-7,chexpert,Effusion,82
llavarad-7,chexpert,Atelectasis,89
llavarad-7,chexpert,Pneumothorax,73
llavarad-7,chexpert,Cardiomegaly,85
llavarad-7,chexpert,Consolidation,12
llavarad-7,chexpert,Edema,36
medgemma-27,chexpert,Effusion,6
medgemma-27,chexpert,Atelectasis,8
medgemma-27,chexpert,Pneumothorax,31
medgemma-27,chexpert,Cardiomegaly,12
medgemma-27,chexpert,Consolidation,11
medgemma-27,chexpert,Edema,75
medgemma-4,chexpert,Effusion,18
medgemma-4,chexpert,Atelectasis,46
medgemma-4,chexpert,Pneumothorax,56
medgemma-4,chexpert,Cardiomegaly,5
medgemma-4,chexpert,Consolidation,33
medgemma-4,chexpert,Edema,1
q25-3,chexpert,Effusion,120
q25-3,chexpert,Atelectasis,43
q25-3,chexpert,Pneumothorax,95
q25-3,chexpert,Cardiomegaly,46
q25-3,chexpert,Consolidation,39
q25-3,chexpert,Edema,59
q25-32,chexpert,Effusion,94
q25-32,chexpert,Atelectasis,92
q25-32,chexpert,Pneumothorax,37
q25-32,chexpert,Cardiomegaly,76
q25-32,chexpert,Consolidation,58
q25-32,chexpert,Edema,40
q25-7,chexpert,Effusion,13
q25-7,chexpert,Atelectasis,16
q25-7,chexpert,Pneumothorax,58
q25-7,chexpert,Cardiomegaly,17
q25-7,chexpert,Consolidation,29
q25-7,chexpert,Edema,36
q25-72,chexpert,Effusion,58
q25-72,chexpert,Atelectasis,15
q25-72,chexpert,Pneumothorax,6
q25-72,chexpert,Cardiomegaly,27
q25-72,chexpert,Consolidation,106
q25-72,chexpert,Edema,57
q3-32,chexpert,Effusion,19
q3-32,chexpert,Atelectasis,5
q3-32,chexpert,Pneumothorax,14
q3-32,chexpert,Cardiomegaly,16
q3-32,chexpert,Consolidation,36
q3-32,chexpert,Edema,4
q3-4,chexpert,Effusion,1
q3-4,chexpert,Atelectasis,21
q3-4,chexpert,Pneumothorax,35
q3-4,chexpert,Cardiomegaly,15
q3-4,chexpert,Consolidation,1
q3-4,chexpert,Edema,1
q3-8,chexpert,Effusion,6
q3-8,chexpert,Atelectasis,3
q3-8,chexpert,Pneumothorax,16
q3-8,chexpert,Cardiomegaly,9
q3-8,chexpert,Consolidation,7
q3-8,chexpert,Edema,13
chexagent-3,coco,person,1
chexagent-3,coco,dog,2
chexagent-3,coco,car,10
chexagent-3,coco,chair,15
chexagent-3,coco,bottle,8
chexagent-3,coco,bicycle,27
chexagent-8,coco,person,42
chexagent-8,coco,dog,32
chexagent-8,coco,car,44
chexagent-8,coco,chair,55
chexagent-8,coco,bottle,111
chexagent-8,coco,bicycle,73
gemma3-12,coco,person,1
gemma3-12,coco,dog,1
gemma3-12,coco,car,1
gemma3-12,coco,chair,1
gemma3-12,coco,bottle,1
gemma3-12,coco,bicycle,1
gemma3-27,coco,person,1
gemma3-27,coco,dog,1
gemma3-27,coco,car,1
gemma3-27,coco,chair,1
gemma3-27,coco,bottle,1
gemma3-27,coco,bicycle,1
gemma3-4,coco,person,1
gemma3-4,coco,dog,3
gemma3-4,coco,car,5
gemma3-4,coco,chair,1
gemma3-4,coco,bottle,6
gemma3-4,coco,bicycle,16
huatuo-7,coco,person,1
huatuo-7,coco,dog,1
huatuo-7,coco,car,1
huatuo-7,coco,chair,1
huatuo-7,coco,bottle,1
huatuo-7,coco,bicycle,5
iv35-14,coco,person,1
iv35-14,coco,dog,1
iv35-14,coco,car,1
iv35-14,coco,chair,1
iv35-14,coco,bottle,1
iv35-14,coco,bicycle,1
iv35-38,coco,person,1
iv35-38,coco,dog,1
iv35-38,coco,car,1
iv35-38,coco,chair,1
iv35-38,coco,bottle,1
iv35-38,coco,bicycle,1
iv35-8,coco,person,1
iv35-8,coco,dog,1
iv35-8,coco,car,1
iv35-8,coco,chair,1
iv35-8,coco,bottle,1
iv35-8,coco,bicycle,1
lingshu-32,coco,person,1
lingshu-32,coco,dog,1
lingshu-32,coco,car,1
lingshu-32,coco,chair,1
lingshu-32,coco,bottle,1
lingshu-32,coco,bicycle,1
lingshu-7,coco,person,1
lingshu-7,coco,dog,1
lingshu-7,coco,car,1
lingshu-7,coco,chair,1
lingshu-7,coco,bottle,1
lingshu-7,coco,bicycle,1
llama32-11,coco,person,14
llama32-11,coco,dog,61
llama32-11,coco,car,3
llama32-11,coco,chair,23
llama32-11,coco,bottle,76
llama32-11,coco,bicycle,1
llava15-13,coco,person,1
llava15-13,coco,dog,6
llava15-13,coco,car,3
llava15-13,coco,chair,1
llava15-13,coco,bottle,12
llava15-13,coco,bicycle,92
llava15-7,coco,person,1
llava15-7,coco,dog,1
llava15-7,coco,car,1
llava15-7,coco,chair,1
llava15-7,coco,bottle,10
llava15-7,coco,bicycle,4
llavamed-7,coco,person,10
llavamed-7,coco,dog,2
llavamed-7,coco,car,12
llavamed-7,coco,chair,62
llavamed-7,coco,bottle,17
llavamed-7,coco,bicycle,24
llavarad-7,coco,person,60
llavarad-7,coco,dog,9
llavarad-7,coco,car,50
llavarad-7,coco,chair,83
llavarad-7,coco,bottle,54
llavarad-7,coco,bicycle,34
medgemma-27,coco,person,1
medgemma-27,coco,dog,30
medgemma-27,coco,car,2
medgemma-27,coco,chair,1
medgemma-27,coco,bottle,1
medgemma-27,coco,bicycle,60
medgemma-4,coco,person,1
medgemma-4,coco,dog,3
medgemma-4,coco,car,1
medgemma-4,coco,chair,1
medgemma-4,coco,bottle,1
medgemma-4,coco,bicycle,1
q25-3,coco,person,1
q25-3,coco,dog,1
q25-3,coco,car,1
q25-3,coco,chair,1
q25-3,coco,bottle,1
q25-3,coco,bicycle,1
q25-32,coco,person,1
q25-32,coco,dog,1
q25-32,coco,car,1
q25-32,coco,chair,1
q25-32,coco,bottle,1
q25-32,coco,bicycle,1
q25-7,coco,person,1
q25-7,coco,dog,1
q25-7,coco,car,1
q25-7,coco,chair,1
q25-7,coco,bottle,1
q25-7,coco,bicycle,1
q25-72,coco,person,1
q25-72,coco,dog,1
q25-72,coco,car,1
q25-72,coco,chair,1
q25-72,coco,bottle,1
q25-72,coco,bicycle,1
q3-32,coco,person,1
q3-32,coco,dog,1
q3-32,coco,car,1
q3-32,coco,chair,1
q3-32,coco,bottle,1
q3-32,coco,bicycle,1
q3-4,coco,person,1
q3-4,coco,dog,1
q3-4,coco,car,1
q3-4,coco,chair,1
q3-4,coco,bottle,1
q3-4,coco,bicycle,1
q3-8,coco,person,1
q3-8,coco,dog,1
q3-8,coco,car,1
q3-8,coco,chair,1
q3-8,coco,bottle,1
q3-8,coco,bicycle,1
