dataset,grade,numerator,denominator,fraction,ci_low,ci_high
nih,readable,74,150,0.49333333333333335,0.41333333333333333,0.5733333333333334
nih,answerable,110,150,0.7333333333333333,0.66,0.8066666666666666
nih,owned,13,150,0.08666666666666667,0.04,0.13333333333333333
chexpert,readable,104,150,0.6933333333333334,0.62,0.7666666666666667
chexpert,answerable,89,150,0.5933333333333334,0.52,0.6733333333333333
chexpert,owned,25,150,0.16666666666666666,0.10666666666666667,0.22666666666666666
coco,readable,90,150,0.6,0.52,0.68
coco,answerable,116,150,0.7733333333333333,0.7065,0.84
coco,owned,113,150,0.7533333333333333,0.68,0.82
