dataset,alpha,blocks,median,q25,q75
nih,-0.5,25,-0.09701339341179166,-0.17470644104533448,-0.028241224754935623
nih,-0.25,25,-0.05935731104287723,-0.11227449328187636,-0.028635398293710514
nih,-0.1,25,-0.030798124429884527,-0.051639591766253795,-0.007415005238557515
nih,0.1,25,-0.016182111802684182,-0.0372440511838004,-0.00275753746964468
nih,0.25,25,-0.030977645052068677,-0.06693446236400283,-0.006110868708862221
nih,0.5,25,-0.035548510046984595,-0.12652793717808122,-0.008085933411305786
coco,-0.5,25,-0.06894503031094124,-0.13326111964711013,-0.04207587001944882
coco,-0.25,25,-0.045499278433585526,-0.09579971686469213,-0.02502279443662893
coco,-0.1,25,-0.026053063847605286,-0.053247272153710744,-0.011549132221731616
coco,0.1,25,0.02372665346972143,0.004046911300465684,0.22335396278638686
coco,0.25,25,0.12880808799514773,0.010400631402862681,0.3413603130221942
coco,0.5,25,0.0851586117007393,0.03367745759608401,0.5622194114671515
