dataset,checkpoint,concept,ownership_displayed,owned_mark,verdict_mark
nih,Gemma 3 12B,Effusion,-0.83,False,
nih,Gemma 3 12B,Atelectasis,-0.57,False,
nih,Gemma 3 12B,Pneumothorax,-0.17,False,
nih,Gemma 3 12B,Cardiomegaly,-0.19,False,
nih,Gemma 3 12B,Mass,-0.65,False,
nih,Gemma 3 12B,Nodule,+0.17,True,
nih,Gemma 3 27B,Effusion,-0.04,False,
nih,Gemma 3 27B,Atelectasis,-0.03,False,
nih,Gemma 3 27B,Pneumothorax,-0.01,False,
nih,Gemma 3 27B,Cardiomegaly,+0.00,True,
nih,Gemma 3 27B,Mass,-0.08,False,
nih,Gemma 3 27B,Nodule,-0.02,False,
nih,MedGemma 4B,Effusion,+0.01,False,
nih,MedGemma 4B,Atelectasis,-0.56,False,
nih,MedGemma 4B,Pneumothorax,+0.01,False,
nih,MedGemma 4B,Cardiomegaly,-0.07,False,
nih,MedGemma 4B,Mass,-0.27,False,
nih,MedGemma 4B,Nodule,+0.09,False,
nih,Gemma 3 4B,Effusion,-0.00,False,
nih,Gemma 3 4B,Atelectasis,-0.00,False,
nih,Gemma 3 4B,Pneumothorax,-0.01,False,
nih,Gemma 3 4B,Cardiomegaly,-0.24,False,
nih,Gemma 3 4B,Mass,-0.28,False,
nih,Gemma 3 4B,Nodule,-0.12,False,
nih,MedGemma 27B,Effusion,-0.06,False,
nih,MedGemma 27B,Atelectasis,-0.45,False,
nih,MedGemma 27B,Pneumothorax,-0.01,False,
nih,MedGemma 27B,Cardiomegaly,+0.00,False,
nih,MedGemma 27B,Mass,-0.13,False,
nih,MedGemma 27B,Nodule,-0.20,False,
chexpert,Gemma 3 12B,Effusion,-0.83,False,
chexpert,Gemma 3 12B,Atelectasis,-0.13,False,
chexpert,Gemma 3 12B,Pneumothorax,-0.71,False,
chexpert,Gemma 3 12B,Cardiomegaly,-0.47,False,
chexpert,Gemma 3 12B,Consolidation,-0.26,False,
chexpert,Gemma 3 12B,Edema,+0.15,True,
chexpert,Gemma 3 27B,Effusion,-0.03,False,
chexpert,Gemma 3 27B,Atelectasis,-0.00,False,
chexpert,Gemma 3 27B,Pneumothorax,-0.01,False,
chexpert,Gemma 3 27B,Cardiomegaly,-0.00,False,
chexpert,Gemma 3 27B,Consolidation,-0.03,False,
chexpert,Gemma 3 27B,Edema,+0.00,True,
chexpert,MedGemma 4B,Effusion,-0.20,False,
chexpert,MedGemma 4B,Atelectasis,-0.08,False,
chexpert,MedGemma 4B,Pneumothorax,-0.60,False,
chexpert,MedGemma 4B,Cardiomegaly,+0.04,True,
chexpert,MedGemma 4B,Consolidation,-0.20,False,
chexpert,MedGemma 4B,Edema,+0.10,True,
chexpert,Gemma 3 4B,Effusion,-0.00,False,
chexpert,Gemma 3 4B,Atelectasis,-0.00,False,
chexpert,Gemma 3 4B,Pneumothorax,-0.65,False,
chexpert,Gemma 3 4B,Cardiomegaly,-0.02,False,
chexpert,Gemma 3 4B,Consolidation,-0.35,False,
chexpert,Gemma 3 4B,Edema,-0.58,False,
chexpert,MedGemma 27B,Effusion,-0.01,False,
chexpert,MedGemma 27B,Atelectasis,+0.00,False,
chexpert,MedGemma 27B,Pneumothorax,-0.06,False,
chexpert,MedGemma 27B,Cardiomegaly,+0.03,False,
chexpert,MedGemma 27B,Consolidation,-0.02,False,
chexpert,MedGemma 27B,Edema,-0.28,False,
coco,Gemma 3 12B,person,+0.19,True,
coco,Gemma 3 12B,dog,+0.76,True,
coco,Gemma 3 12B,car,+0.48,True,
coco,Gemma 3 12B,chair,+0.45,True,
coco,Gemma 3 12B,bottle,+0.18,True,
coco,Gemma 3 12B,bicycle,+0.61,True,
coco,Gemma 3 27B,person,+0.24,True,
coco,Gemma 3 27B,dog,+0.36,True,
coco,Gemma 3 27B,car,+0.09,True,
coco,Gemma 3 27B,chair,+0.28,True,
coco,Gemma 3 27B,bottle,+0.15,True,
coco,Gemma 3 27B,bicycle,+0.75,True,
coco,MedGemma 4B,person,+0.35,True,
coco,MedGemma 4B,dog,+0.03,True,
coco,MedGemma 4B,car,+0.43,True,
coco,MedGemma 4B,chair,+0.19,True,
coco,MedGemma 4B,bottle,+0.20,True,
coco,MedGemma 4B,bicycle,+0.14,True,
coco,Gemma 3 4B,person,+0.16,True,
coco,Gemma 3 4B,dog,+0.54,True,
coco,Gemma 3 4B,car,+0.24,True,
coco,Gemma 3 4B,chair,+0.34,True,
coco,Gemma 3 4B,bottle,+0.44,True,
coco,Gemma 3 4B,bicycle,-0.27,False,
coco,MedGemma 27B,person,+0.33,True,
coco,MedGemma 27B,dog,-0.04,False,
coco,MedGemma 27B,car,+0.08,True,
coco,MedGemma 27B,chair,+0.18,True,
coco,MedGemma 27B,bottle,+0.21,True,
coco,MedGemma 27B,bicycle,-0.04,False,
